dict,dim_id,dim_name,convention_question,candidate_options,evidence,examples,VALUE,confidence,notes
WIL,1,Anusvāra before consonants,"When a nasal precedes a stop inside a word, is it written as anusvāra (SLP1 M: aMka, saMskAra) or as the homorganic nasal (aNka, saMskAra→saNskAra)?",anusvara | homorganic | mixed,anusvāra-share=0.007 (M+stop 14 vs homorganic 1914),M: antaHsaMjYA arGasaMKyApana arTasaMgraha idaMkAryyA  ||  homorg: aMhriskanDa akaRwaka akampita akARqa,,,
WIL,3,Words ending with -at (śatṛ / vatup-matup),"How are present participles in -at and possessives in -vat/-mat cited (bare -at stem, or with further marking)? Patel: 5 options across 3+2 sub-conventions.",see Patel 2016 — assign from -at / -vat / -mat examples,"-at 43, -vat 60, -mat 21",-at: aMSayat anyat ayugapat  |  -vat: akzavat aGavat atraBavat  |  -mat: aMSumat agnimat abudDimat,,,
WIL,5,Anusvāra of verbs,Are nasal verbal roots cited with anusvāra (aMS) or the dental/labial nasal (aMs)?,anusvara | nasal-letter | n.a. (no verb roots),"short nasal roots 94 (M-form 4+, n/m-form 4+)",M-root: aMSa aMSu aMsa oM  ||  n/m-root: agni aGna atnu ana,,,
WIL,6,ṛkārānta words (ṛ-final agent nouns),"How is an ṛ-stem agent noun (kartṛ) cited — bare stem (SLP1 kartf), nominative (kartA), or with -ar/-ṛ (kartar/kartR)?",stem-f | nominative-A | ar/R,"ṛ-stem(f) 80, nom-A 201, -ar/-R 1",stem-f: aMSayitf aMSuBartf acalaBrAtf  |  nom-A: akiYcanatA akftajYatA akzamatA  |  -ar/R: antar,,,
WIL,7,"vas/yas suffixes (perfect ppl. -vas, comparative -yas)",How are -vas (perfect participle) and -yas (comparative) stems cited / spelled?,see Patel 2016 — assign from -vas / -yas examples,"-vas 6, -yas 9",-vas: anASvas avidvas azwaSravas Iyivas  ||  -yas: aRIyas ayas arTagarIyas alpavayas,,,
YAT,1,Anusvāra before consonants,"When a nasal precedes a stop inside a word, is it written as anusvāra (SLP1 M: aMka, saMskAra) or as the homorganic nasal (aNka, saMskAra→saNskAra)?",anusvara | homorganic | mixed,anusvāra-share=0.026 (M+stop 51 vs homorganic 1913),M: atimaMgalya anaBizvaMga anahaMkAra anahaMkfta  ||  homorg: aMhriskanDa akaRwaka akampita akARqa,,,
YAT,3,Words ending with -at (śatṛ / vatup-matup),"How are present participles in -at and possessives in -vat/-mat cited (bare -at stem, or with further marking)? Patel: 5 options across 3+2 sub-conventions.",see Patel 2016 — assign from -at / -vat / -mat examples,"-at 25, -vat 67, -mat 20",-at: at anyat ayugapat  |  -vat: akzavat aGavat atraBavat  |  -mat: aMSumat agnimat anyAyavfttimat,,,
YAT,5,Anusvāra of verbs,Are nasal verbal roots cited with anusvāra (aMS) or the dental/labial nasal (aMs)?,anusvara | nasal-letter | n.a. (no verb roots),"short nasal roots 106 (M-form 4+, n/m-form 4+)",M-root: aMSa aMSu aMsa AM  ||  n/m-root: agni aGna aGnA atnu,,,
YAT,6,ṛkārānta words (ṛ-final agent nouns),"How is an ṛ-stem agent noun (kartṛ) cited — bare stem (SLP1 kartf), nominative (kartA), or with -ar/-ṛ (kartar/kartR)?",stem-f | nominative-A | ar/R,"ṛ-stem(f) 79, nom-A 161, -ar/-R 2",stem-f: aMSayitf aMSuBarttf acalaBrAtf  |  nom-A: akiYcanatA akftajYatA akzamatA  |  -ar/R: antar kmar,,,
YAT,7,"vas/yas suffixes (perfect ppl. -vas, comparative -yas)",How are -vas (perfect participle) and -yas (comparative) stems cited / spelled?,see Patel 2016 — assign from -vas / -yas examples,"-vas 7, -yas 11",-vas: anASvas azwaSravas IkzaRaSravas Iyivas  ||  -yas: aRIyas ayas arTagarIyas alpavayas,,,
GST,1,Anusvāra before consonants,"When a nasal precedes a stop inside a word, is it written as anusvāra (SLP1 M: aMka, saMskAra) or as the homorganic nasal (aNka, saMskAra→saNskAra)?",anusvara | homorganic | mixed,anusvāra-share=0.001 (M+stop 1 vs homorganic 1202),M: anuvAkasaMKyA  ||  homorg: aMhriskanDa akaRwaka akampita akARqa,,,
GST,3,Words ending with -at (śatṛ / vatup-matup),"How are present participles in -at and possessives in -vat/-mat cited (bare -at stem, or with further marking)? Patel: 5 options across 3+2 sub-conventions.",see Patel 2016 — assign from -at / -vat / -mat examples,"-at 70, -vat 61, -mat 16",-at: at adat aditsat  |  -vat: aMSavat aMsavat aMhasvat  |  -mat: aMSumat agnimat aYjimat,,,
GST,5,Anusvāra of verbs,Are nasal verbal roots cited with anusvāra (aMS) or the dental/labial nasal (aMs)?,anusvara | nasal-letter | n.a. (no verb roots),"short nasal roots 50 (M-form 4+, n/m-form 4+)",M-root: aMS aMSa aMSu aMs  ||  n/m-root: akna agni ajma atna,,,
GST,6,ṛkārānta words (ṛ-final agent nouns),"How is an ṛ-stem agent noun (kartṛ) cited — bare stem (SLP1 kartf), nominative (kartA), or with -ar/-ṛ (kartar/kartR)?",stem-f | nominative-A | ar/R,"ṛ-stem(f) 71, nom-A 118, -ar/-R 4",stem-f: aMSuBartf agnihotf aNgIkf  |  nom-A: akalkatA akiYcanatA akulatA  |  -ar/R: antar apunar aBiprAtar,,,
GST,7,"vas/yas suffixes (perfect ppl. -vas, comparative -yas)",How are -vas (perfect participle) and -yas (comparative) stems cited / spelled?,see Patel 2016 — assign from -vas / -yas examples,"-vas 12, -yas 8",-vas: atravas adASvas aDyUzivas anASvas  ||  -yas: aRIyas atavyas advayas anukanIyas,,,
BEN,1,Anusvāra before consonants,"When a nasal precedes a stop inside a word, is it written as anusvāra (SLP1 M: aMka, saMskAra) or as the homorganic nasal (aNka, saMskAra→saNskAra)?",anusvara | homorganic | mixed,anusvāra-share=0.068 (M+stop 120 vs homorganic 1642),M: akiMcitkara anusaMDAna anoMkfta aparasparasaMBUta  ||  homorg: aMSumant agnimant aNk aNka,,,
BEN,3,Words ending with -at (śatṛ / vatup-matup),"How are present participles in -at and possessives in -vat/-mat cited (bare -at stem, or with further marking)? Patel: 5 options across 3+2 sub-conventions.",see Patel 2016 — assign from -at / -vat / -mat examples,"-at 12, -vat 23, -mat 1",-at: at Izat cat  |  -vat: aBItavat arTavat aSrutavat  |  -mat: mat,,,
BEN,5,Anusvāra of verbs,Are nasal verbal roots cited with anusvāra (aMS) or the dental/labial nasal (aMs)?,anusvara | nasal-letter | n.a. (no verb roots),"short nasal roots 590 (M-form 4+, n/m-form 4+)",M-root: aMS aMSa aMSu aMs  ||  n/m-root: agni an ana anas,,,
BEN,6,ṛkārānta words (ṛ-final agent nouns),"How is an ṛ-stem agent noun (kartṛ) cited — bare stem (SLP1 kartf), nominative (kartA), or with -ar/-ṛ (kartar/kartR)?",stem-f | nominative-A | ar/R,"ṛ-stem(f) 210, nom-A 369, -ar/-R 11",stem-f: attf aDigoptf aDizWAtf  |  nom-A: akalkatA akAmatA akulatA  |  -ar/R: antar usar kmar,,,
BEN,7,"vas/yas suffixes (perfect ppl. -vas, comparative -yas)",How are -vas (perfect participle) and -yas (comparative) stems cited / spelled?,see Patel 2016 — assign from -vas / -yas examples,"-vas 9, -yas 9",-vas: avas kftvas javas tavas  ||  -yas: ayas kfzRAyas trayas payas,,,
MW72,1,Anusvāra before consonants,"When a nasal precedes a stop inside a word, is it written as anusvāra (SLP1 M: aMka, saMskAra) or as the homorganic nasal (aNka, saMskAra→saNskAra)?",anusvara | homorganic | mixed,anusvāra-share=0.001 (M+stop 1 vs homorganic 1248),M: asaMjYa  ||  homorg: akaRwaka akampita akampya akARqa,,,
MW72,3,Words ending with -at (śatṛ / vatup-matup),"How are present participles in -at and possessives in -vat/-mat cited (bare -at stem, or with further marking)? Patel: 5 options across 3+2 sub-conventions.",see Patel 2016 — assign from -at / -vat / -mat examples,"-at 138, -vat 27, -mat 4",-at: akrIqat akziyat aGnat  |  -vat: akapIvat akzaRvat ajIvat  |  -mat: aSrImat utkrAmat udanimat,,,
MW72,5,Anusvāra of verbs,Are nasal verbal roots cited with anusvāra (aMS) or the dental/labial nasal (aMs)?,anusvara | nasal-letter | n.a. (no verb roots),"short nasal roots 179 (M-form 4+, n/m-form 4+)",M-root: aMS aMSa aMSu aMs  ||  n/m-root: akna agni ajma atna,,,
MW72,6,ṛkārānta words (ṛ-final agent nouns),"How is an ṛ-stem agent noun (kartṛ) cited — bare stem (SLP1 kartf), nominative (kartA), or with -ar/-ṛ (kartar/kartR)?",stem-f | nominative-A | ar/R,"ṛ-stem(f) 228, nom-A 22, -ar/-R 44",stem-f: aMSayitf akartf aNgIkf  |  nom-A: aktA acintA acCuptA  |  -ar/R: atikzar aticar atitvar,,,
MW72,7,"vas/yas suffixes (perfect ppl. -vas, comparative -yas)",How are -vas (perfect participle) and -yas (comparative) stems cited / spelled?,see Patel 2016 — assign from -vas / -yas examples,"-vas 34, -yas 26",-vas: acikitvas ajaGnivas ajavas atravas  ||  -yas: agastayas aRIyas atavyas atyas,,,
LRV,1,Anusvāra before consonants,"When a nasal precedes a stop inside a word, is it written as anusvāra (SLP1 M: aMka, saMskAra) or as the homorganic nasal (aNka, saMskAra→saNskAra)?",anusvara | homorganic | mixed,anusvāra-share=0.565 (M+stop 1137 vs homorganic 875),M: aMhriskaMDa akiMcana akiMcanA akiMcitkara  ||  homorg: akaRwaka akaRwakA akalyasanDa akARqa,,,
LRV,3,Words ending with -at (śatṛ / vatup-matup),"How are present participles in -at and possessives in -vat/-mat cited (bare -at stem, or with further marking)? Patel: 5 options across 3+2 sub-conventions.",see Patel 2016 — assign from -at / -vat / -mat examples,"-at 17, -vat 23, -mat 11",-at: ajahat at adat  |  -vat: aMhasvat atraBavat anAtmavat  |  -mat: aMSumat arcizmat asumat,,,
LRV,5,Anusvāra of verbs,Are nasal verbal roots cited with anusvāra (aMS) or the dental/labial nasal (aMs)?,anusvara | nasal-letter | n.a. (no verb roots),"short nasal roots 125 (M-form 4+, n/m-form 4+)",M-root: aMS aMSa aMSu aMs  ||  n/m-root: agni atnu an anas,,,
LRV,6,ṛkārānta words (ṛ-final agent nouns),"How is an ṛ-stem agent noun (kartṛ) cited — bare stem (SLP1 kartf), nominative (kartA), or with -ar/-ṛ (kartar/kartR)?",stem-f | nominative-A | ar/R,"ṛ-stem(f) 37, nom-A 314, -ar/-R 3",stem-f: aMSuBartf agnidAtf aDogaMtf  |  nom-A: akalitA akftA akzatA  |  -ar/R: antar apunar kiMpunar,,,
LRV,7,"vas/yas suffixes (perfect ppl. -vas, comparative -yas)",How are -vas (perfect participle) and -yas (comparative) stems cited / spelled?,see Patel 2016 — assign from -vas / -yas examples,"-vas 4, -yas 12",-vas: azwakftvas azwaSravas uccEHSravas katikftvas  ||  -yas: ativayas anukanIyas aprAptavayas ayas,,,
AP90,1,Anusvāra before consonants,"When a nasal precedes a stop inside a word, is it written as anusvāra (SLP1 M: aMka, saMskAra) or as the homorganic nasal (aNka, saMskAra→saNskAra)?",anusvara | homorganic | mixed,anusvāra-share=0.999 (M+stop 1452 vs homorganic 1),M: akaMpana akaMpita akAMqa akAMqe  ||  homorg: aBiyAYcA,,,
AP90,3,Words ending with -at (śatṛ / vatup-matup),"How are present participles in -at and possessives in -vat/-mat cited (bare -at stem, or with further marking)? Patel: 5 options across 3+2 sub-conventions.",see Patel 2016 — assign from -at / -vat / -mat examples,"-at 59, -vat 81, -mat 33",-at: akziyat aMkUyat ajarat  |  -vat: aMhasvat akzaRvat agnivat  |  -mat: aMSumat agnimat anAdimat,,,
AP90,5,Anusvāra of verbs,Are nasal verbal roots cited with anusvāra (aMS) or the dental/labial nasal (aMs)?,anusvara | nasal-letter | n.a. (no verb roots),"short nasal roots 184 (M-form 4+, n/m-form 4+)",M-root: aMS aMs aMh aMhu  ||  n/m-root: an anaH anas anA,,,
AP90,6,ṛkārānta words (ṛ-final agent nouns),"How is an ṛ-stem agent noun (kartṛ) cited — bare stem (SLP1 kartf), nominative (kartA), or with -ar/-ṛ (kartar/kartR)?",stem-f | nominative-A | ar/R,"ṛ-stem(f) 222, nom-A 89, -ar/-R 16",stem-f: aMSayitf akartf aMgIkf  |  nom-A: akalkatA akAmatA akiMcanatA  |  -ar/R: aticar aDicar anucar,,,
AP90,7,"vas/yas suffixes (perfect ppl. -vas, comparative -yas)",How are -vas (perfect participle) and -yas (comparative) stems cited / spelled?,see Patel 2016 — assign from -vas / -yas examples,"-vas 20, -yas 19",-vas: acikitvas ajavas atravas adASvas  ||  -yas: aRIyas atavyas ativayas advayas,,,
CAE,1,Anusvāra before consonants,"When a nasal precedes a stop inside a word, is it written as anusvāra (SLP1 M: aMka, saMskAra) or as the homorganic nasal (aNka, saMskAra→saNskAra)?",anusvara | homorganic | mixed,anusvāra-share=0.09 (M+stop 172 vs homorganic 1730),M: akiMcana akiMcitkurvARa aNgasaMtApa atimaDyaMdina  ||  homorg: aMSukAnta aMSumant akaRwaka akandasamutTita,,,
CAE,3,Words ending with -at (śatṛ / vatup-matup),"How are present participles in -at and possessives in -vat/-mat cited (bare -at stem, or with further marking)? Patel: 5 options across 3+2 sub-conventions.",see Patel 2016 — assign from -at / -vat / -mat examples,"-at 20, -vat 10, -mat 3",-at: akzipat at adadat  |  -vat: ayaTAvat Atmavat Adityavat  |  -mat: ASumat gavIDumat camat,,,
CAE,5,Anusvāra of verbs,Are nasal verbal roots cited with anusvāra (aMS) or the dental/labial nasal (aMs)?,anusvara | nasal-letter | n.a. (no verb roots),"short nasal roots 174 (M-form 4+, n/m-form 4+)",M-root: aMSa aMSu aMsa aMh  ||  n/m-root: agni ajma an ana,,,
CAE,6,ṛkārānta words (ṛ-final agent nouns),"How is an ṛ-stem agent noun (kartṛ) cited — bare stem (SLP1 kartf), nominative (kartA), or with -ar/-ṛ (kartar/kartR)?",stem-f | nominative-A | ar/R,"ṛ-stem(f) 173, nom-A 102, -ar/-R 10",stem-f: akartf aGaviGAtakartf aNgIkf  |  nom-A: akulatA aktA acintA  |  -ar/R: antar aBisvar ahar,,,
CAE,7,"vas/yas suffixes (perfect ppl. -vas, comparative -yas)",How are -vas (perfect participle) and -yas (comparative) stems cited / spelled?,see Patel 2016 — assign from -vas / -yas examples,"-vas 14, -yas 10",-vas: anASvas aBizwiSavas avas asAmiSavas  ||  -yas: advayas ayas AtmaSreyas kfzRAyas,,,
MD,1,Anusvāra before consonants,"When a nasal precedes a stop inside a word, is it written as anusvāra (SLP1 M: aMka, saMskAra) or as the homorganic nasal (aNka, saMskAra→saNskAra)?",anusvara | homorganic | mixed,anusvāra-share=0.099 (M+stop 144 vs homorganic 1311),M: akiMcana akiMcijjYa akiMcitkara akftasaMkalpa  ||  homorg: aMSukAnta akaRwaka akaRWa akampita,,,
MD,3,Words ending with -at (śatṛ / vatup-matup),"How are present participles in -at and possessives in -vat/-mat cited (bare -at stem, or with further marking)? Patel: 5 options across 3+2 sub-conventions.",see Patel 2016 — assign from -at / -vat / -mat examples,"-at 90, -vat 84, -mat 24",-at: akzat akzipat agaRayat  |  -vat: akzaRvat aNkuravat ajIvat  |  -mat: aMSumat aNgavAkpARimat atimatimat,,,
MD,5,Anusvāra of verbs,Are nasal verbal roots cited with anusvāra (aMS) or the dental/labial nasal (aMs)?,anusvara | nasal-letter | n.a. (no verb roots),"short nasal roots 362 (M-form 4+, n/m-form 4+)",M-root: aMSa aMSu aMsa jaMh  ||  n/m-root: akna agan agni ajma,,,
MD,6,ṛkārānta words (ṛ-final agent nouns),"How is an ṛ-stem agent noun (kartṛ) cited — bare stem (SLP1 kartf), nominative (kartA), or with -ar/-ṛ (kartar/kartR)?",stem-f | nominative-A | ar/R,"ṛ-stem(f) 227, nom-A 76, -ar/-R 15",stem-f: akartf agnisAtkf aGaviGAtakartf  |  nom-A: akalkatA akAmatA akopitA  |  -ar/R: ajIgar antar ahar,,,
MD,7,"vas/yas suffixes (perfect ppl. -vas, comparative -yas)",How are -vas (perfect participle) and -yas (comparative) stems cited / spelled?,see Patel 2016 — assign from -vas / -yas examples,"-vas 19, -yas 24",-vas: anASvas anUzivas avas avidvas  ||  -yas: acaramavayas aRIyas atigarIyas adByas,,,
MW,1,Anusvāra before consonants,"When a nasal precedes a stop inside a word, is it written as anusvāra (SLP1 M: aMka, saMskAra) or as the homorganic nasal (aNka, saMskAra→saNskAra)?",anusvara | homorganic | mixed,anusvāra-share=0.037 (M+stop 81 vs homorganic 2091),M: akAmasaMjYapana akiMcid akzarasaMGAta akzisaMtarjana  ||  homorg: aMhriskanDa aMholiNga akaRwaka akaRWa,,,
MW,3,Words ending with -at (śatṛ / vatup-matup),"How are present participles in -at and possessives in -vat/-mat cited (bare -at stem, or with further marking)? Patel: 5 options across 3+2 sub-conventions.",see Patel 2016 — assign from -at / -vat / -mat examples,"-at 95, -vat 80, -mat 17",-at: akarizyat akutsayat akupyat  |  -vat: aMSavat akapIvat akzavat  |  -mat: aMSumat akzimat agnimat,,,
MW,5,Anusvāra of verbs,Are nasal verbal roots cited with anusvāra (aMS) or the dental/labial nasal (aMs)?,anusvara | nasal-letter | n.a. (no verb roots),"short nasal roots 178 (M-form 4+, n/m-form 4+)",M-root: aMS aMSa aMSu aMs  ||  n/m-root: agnA agni ajma atna,,,
MW,6,ṛkārānta words (ṛ-final agent nouns),"How is an ṛ-stem agent noun (kartṛ) cited — bare stem (SLP1 kartf), nominative (kartA), or with -ar/-ṛ (kartar/kartR)?",stem-f | nominative-A | ar/R,"ṛ-stem(f) 157, nom-A 161, -ar/-R 22",stem-f: aMSIkf aMSuBartf akartf  |  nom-A: aMSitA akalkatA akAmatA  |  -ar/R: acCAcar atikzar aticar,,,
MW,7,"vas/yas suffixes (perfect ppl. -vas, comparative -yas)",How are -vas (perfect participle) and -yas (comparative) stems cited / spelled?,see Patel 2016 — assign from -vas / -yas examples,"-vas 30, -yas 20",-vas: acakfvas acikitvas ajaGnivas ajavas  ||  -yas: ajApayas ajyAyas aRIyas atavyas,,,
SHS,1,Anusvāra before consonants,"When a nasal precedes a stop inside a word, is it written as anusvāra (SLP1 M: aMka, saMskAra) or as the homorganic nasal (aNka, saMskAra→saNskAra)?",anusvara | homorganic | mixed,anusvāra-share=0.011 (M+stop 21 vs homorganic 1911),M: antaHsaMjYA arGasaMKyApana arTasaMgraha asaMKya  ||  homorg: aMhriskanDa akaRwaka akampita akARqa,,,
SHS,3,Words ending with -at (śatṛ / vatup-matup),"How are present participles in -at and possessives in -vat/-mat cited (bare -at stem, or with further marking)? Patel: 5 options across 3+2 sub-conventions.",see Patel 2016 — assign from -at / -vat / -mat examples,"-at 44, -vat 62, -mat 20",-at: aMSayat anyat ayugapat  |  -vat: akzavat aGavat atraBavat  |  -mat: aMSumat agnimat abudDimat,,,
SHS,5,Anusvāra of verbs,Are nasal verbal roots cited with anusvāra (aMS) or the dental/labial nasal (aMs)?,anusvara | nasal-letter | n.a. (no verb roots),"short nasal roots 93 (M-form 4+, n/m-form 4+)",M-root: aMSa aMSu aMsa oM  ||  n/m-root: agni aGna atnu ana,,,
SHS,6,ṛkārānta words (ṛ-final agent nouns),"How is an ṛ-stem agent noun (kartṛ) cited — bare stem (SLP1 kartf), nominative (kartA), or with -ar/-ṛ (kartar/kartR)?",stem-f | nominative-A | ar/R,"ṛ-stem(f) 80, nom-A 200, -ar/-R 2",stem-f: aMSayitf aMSuBartf acalaBrAtf  |  nom-A: akiYcanatA akftajYatA akzamatA  |  -ar/R: antar aharahar,,,
SHS,7,"vas/yas suffixes (perfect ppl. -vas, comparative -yas)",How are -vas (perfect participle) and -yas (comparative) stems cited / spelled?,see Patel 2016 — assign from -vas / -yas examples,"-vas 6, -yas 9",-vas: anASvas avidvas azwaSravas Iyivas  ||  -yas: aRIyas ayas arTagarIyas alpavayas,,,
AP,1,Anusvāra before consonants,"When a nasal precedes a stop inside a word, is it written as anusvāra (SLP1 M: aMka, saMskAra) or as the homorganic nasal (aNka, saMskAra→saNskAra)?",anusvara | homorganic | mixed,anusvāra-share=0.075 (M+stop 147 vs homorganic 1806),M: akiMcana akiMcanam akiMcanatA akiMcaniman  ||  homorg: aMSakuRqalI aMhriskanDaH akampana akampanaH,,,
AP,3,Words ending with -at (śatṛ / vatup-matup),"How are present participles in -at and possessives in -vat/-mat cited (bare -at stem, or with further marking)? Patel: 5 options across 3+2 sub-conventions.",see Patel 2016 — assign from -at / -vat / -mat examples,"-at 50, -vat 43, -mat 15",-at: akzipat akziyat aNkUyat  |  -vat: aMhasvat akzaRvat agnicitvat  |  -mat: aMSumat agnimat anAdimat,,,
AP,5,Anusvāra of verbs,Are nasal verbal roots cited with anusvāra (aMS) or the dental/labial nasal (aMs)?,anusvara | nasal-letter | n.a. (no verb roots),"short nasal roots 65 (M-form 4+, n/m-form 4+)",M-root: aMS aMs aMsO aMh  ||  n/m-root: akam aGam an anaH,,,
AP,6,ṛkārānta words (ṛ-final agent nouns),"How is an ṛ-stem agent noun (kartṛ) cited — bare stem (SLP1 kartf), nominative (kartA), or with -ar/-ṛ (kartar/kartR)?",stem-f | nominative-A | ar/R,"ṛ-stem(f) 125, nom-A 115, -ar/-R 11",stem-f: aMSayitf aMSuBartf akartf  |  nom-A: akartftA akalkatA akAmatA  |  -ar/R: aticar aDicar anucar,,,
AP,7,"vas/yas suffixes (perfect ppl. -vas, comparative -yas)",How are -vas (perfect participle) and -yas (comparative) stems cited / spelled?,see Patel 2016 — assign from -vas / -yas examples,"-vas 17, -yas 16",-vas: akziSravas acikitvas ajavas atravas  ||  -yas: aRIyas atavyas ativayas advayas,,,
BOR,1,Anusvāra before consonants,"When a nasal precedes a stop inside a word, is it written as anusvāra (SLP1 M: aMka, saMskAra) or as the homorganic nasal (aNka, saMskAra→saNskAra)?",anusvara | homorganic | mixed,anusvāra-share=0.0 (M+stop 0 vs homorganic 1961),M:   ||  homorg: abandon abandoned abandonment abasement,,,
BOR,3,Words ending with -at (śatṛ / vatup-matup),"How are present participles in -at and possessives in -vat/-mat cited (bare -at stem, or with further marking)? Patel: 5 options across 3+2 sub-conventions.",see Patel 2016 — assign from -at / -vat / -mat examples,"-at 75, -vat 1, -mat 0",-at: admitting that afloat aristocrat  |  -vat: cravat  |  -mat: ,,,
BOR,5,Anusvāra of verbs,Are nasal verbal roots cited with anusvāra (aMS) or the dental/labial nasal (aMs)?,anusvara | nasal-letter | n.a. (no verb roots),"short nasal roots 234 (M-form 0+, n/m-form 4+)",M-root:   ||  n/m-root: acme aim akin alms,,,
BOR,6,ṛkārānta words (ṛ-final agent nouns),"How is an ṛ-stem agent noun (kartṛ) cited — bare stem (SLP1 kartf), nominative (kartA), or with -ar/-ṛ (kartar/kartR)?",stem-f | nominative-A | ar/R,"ṛ-stem(f) 94, nom-A 0, -ar/-R 82",stem-f: account of acquit oneself apprise of  |  nom-A:   |  -ar/R: afar altar angular,,,
BOR,7,"vas/yas suffixes (perfect ppl. -vas, comparative -yas)",How are -vas (perfect participle) and -yas (comparative) stems cited / spelled?,see Patel 2016 — assign from -vas / -yas examples,"-vas 1, -yas 0",-vas: canvas  ||  -yas: ,,,
AE,1,Anusvāra before consonants,"When a nasal precedes a stop inside a word, is it written as anusvāra (SLP1 M: aMka, saMskAra) or as the homorganic nasal (aNka, saMskAra→saNskAra)?",anusvara | homorganic | mixed,anusvāra-share=0.0 (M+stop 0 vs homorganic 1633),M:   ||  homorg: abandon abound abscond absent,,,
AE,3,Words ending with -at (śatṛ / vatup-matup),"How are present participles in -at and possessives in -vat/-mat cited (bare -at stem, or with further marking)? Patel: 5 options across 3+2 sub-conventions.",see Patel 2016 — assign from -at / -vat / -mat examples,"-at 58, -vat 2, -mat 1",-at: acrobat afloat at  |  -vat: cravat vat  |  -mat: mat,,,
AE,5,Anusvāra of verbs,Are nasal verbal roots cited with anusvāra (aMS) or the dental/labial nasal (aMs)?,anusvara | nasal-letter | n.a. (no verb roots),"short nasal roots 536 (M-form 0+, n/m-form 4+)",M-root:   ||  n/m-root: acme aim akin alms,,,
AE,6,ṛkārānta words (ṛ-final agent nouns),"How is an ṛ-stem agent noun (kartṛ) cited — bare stem (SLP1 kartf), nominative (kartA), or with -ar/-ṛ (kartar/kartR)?",stem-f | nominative-A | ar/R,"ṛ-stem(f) 76, nom-A 0, -ar/-R 125",stem-f: aloof bailiff beef  |  nom-A:   |  -ar/R: acicular afar ajar,,,
AE,7,"vas/yas suffixes (perfect ppl. -vas, comparative -yas)",How are -vas (perfect participle) and -yas (comparative) stems cited / spelled?,see Patel 2016 — assign from -vas / -yas examples,"-vas 1, -yas 0",-vas: canvas  ||  -yas: ,,,
BUR,1,Anusvāra before consonants,"When a nasal precedes a stop inside a word, is it written as anusvāra (SLP1 M: aMka, saMskAra) or as the homorganic nasal (aNka, saMskAra→saNskAra)?",anusvara | homorganic | mixed,anusvāra-share=0.003 (M+stop 4 vs homorganic 1370),M: atisaMDAna anamitaMpaca aBisaMprekze avaSaMgama  ||  homorg: akaRwaka akampita akiYcana akrAnta,,,
BUR,3,Words ending with -at (śatṛ / vatup-matup),"How are present participles in -at and possessives in -vat/-mat cited (bare -at stem, or with further marking)? Patel: 5 options across 3+2 sub-conventions.",see Patel 2016 — assign from -at / -vat / -mat examples,"-at 54, -vat 25, -mat 8",-at: ajAnat at atyaSnat  |  -vat: atattvArTavat antavat abruvat  |  -mat: asmat aMSumat Ayuzmat,,,
BUR,5,Anusvāra of verbs,Are nasal verbal roots cited with anusvāra (aMS) or the dental/labial nasal (aMs)?,anusvara | nasal-letter | n.a. (no verb roots),"short nasal roots 441 (M-form 4+, n/m-form 4+)",M-root: aMS aMSa aMSu aMs  ||  n/m-root: agni atnu an anas,,,
BUR,6,ṛkārānta words (ṛ-final agent nouns),"How is an ṛ-stem agent noun (kartṛ) cited — bare stem (SLP1 kartf), nominative (kartA), or with -ar/-ṛ (kartar/kartR)?",stem-f | nominative-A | ar/R,"ṛ-stem(f) 78, nom-A 21, -ar/-R 9",stem-f: adAtf astf ASitf  |  nom-A: atiSaktitA attA apdevatA  |  -ar/R: antar ahar kmar,,,
BUR,7,"vas/yas suffixes (perfect ppl. -vas, comparative -yas)",How are -vas (perfect participle) and -yas (comparative) stems cited / spelled?,see Patel 2016 — assign from -vas / -yas examples,"-vas 19, -yas 12",-vas: alavas avidvas asavas ivas  ||  -yas: aRIyas ayas alpIyas aSreyas,,,
STC,1,Anusvāra before consonants,"When a nasal precedes a stop inside a word, is it written as anusvāra (SLP1 M: aMka, saMskAra) or as the homorganic nasal (aNka, saMskAra→saNskAra)?",anusvara | homorganic | mixed,anusvāra-share=0.124 (M+stop 185 vs homorganic 1312),M: akiMcana akiMcid awwasaMGawwa atimaDyaMdina  ||  homorg: aMSumant akaRwaka akaRWa akampa,,,
STC,3,Words ending with -at (śatṛ / vatup-matup),"How are present participles in -at and possessives in -vat/-mat cited (bare -at stem, or with further marking)? Patel: 5 options across 3+2 sub-conventions.",see Patel 2016 — assign from -at / -vat / -mat examples,"-at 33, -vat 12, -mat 2",-at: ajagat atipat atyAyat  |  -vat: adfzwavat asmadvat Atmavat  |  -mat: camat jAjamat,,,
STC,5,Anusvāra of verbs,Are nasal verbal roots cited with anusvāra (aMS) or the dental/labial nasal (aMs)?,anusvara | nasal-letter | n.a. (no verb roots),"short nasal roots 252 (M-form 4+, n/m-form 4+)",M-root: aMSa aMSu aMsa waM  ||  n/m-root: agni an ana anas,,,
STC,6,ṛkārānta words (ṛ-final agent nouns),"How is an ṛ-stem agent noun (kartṛ) cited — bare stem (SLP1 kartf), nominative (kartA), or with -ar/-ṛ (kartar/kartR)?",stem-f | nominative-A | ar/R,"ṛ-stem(f) 259, nom-A 51, -ar/-R 33",stem-f: akartf aGrAtf awIkf  |  nom-A: acintA ajIryatA atitIkzRatA  |  -ar/R: acCAcar aticar atitvar,,,
STC,7,"vas/yas suffixes (perfect ppl. -vas, comparative -yas)",How are -vas (perfect participle) and -yas (comparative) stems cited / spelled?,see Patel 2016 — assign from -vas / -yas examples,"-vas 17, -yas 10",-vas: atiniHSvas ativiSvas aDinivas aDivas  ||  -yas: atyas adByas apapayas aByas,,,
PWG,1,Anusvāra before consonants,"When a nasal precedes a stop inside a word, is it written as anusvāra (SLP1 M: aMka, saMskAra) or as the homorganic nasal (aNka, saMskAra→saNskAra)?",anusvara | homorganic | mixed,anusvāra-share=0.078 (M+stop 160 vs homorganic 1893),M: akiMcana akiMcanatA akiMcaniman agadaMkAra  ||  homorg: aMSumant aMhriskanDa akapIvant akampita,,,
PWG,3,Words ending with -at (śatṛ / vatup-matup),"How are present participles in -at and possessives in -vat/-mat cited (bare -at stem, or with further marking)? Patel: 5 options across 3+2 sub-conventions.",see Patel 2016 — assign from -at / -vat / -mat examples,"-at 7, -vat 10, -mat 1",-at: akzipat at aDvagat  |  -vat: aNgirasvat atrivat aTarvavat  |  -mat: asmat,,,
PWG,5,Anusvāra of verbs,Are nasal verbal roots cited with anusvāra (aMS) or the dental/labial nasal (aMs)?,anusvara | nasal-letter | n.a. (no verb roots),"short nasal roots 150 (M-form 4+, n/m-form 4+)",M-root: aMSa aMSu aMsa aMh  ||  n/m-root: akna agni ajma atna,,,
PWG,6,ṛkārānta words (ṛ-final agent nouns),"How is an ṛ-stem agent noun (kartṛ) cited — bare stem (SLP1 kartf), nominative (kartA), or with -ar/-ṛ (kartar/kartR)?",stem-f | nominative-A | ar/R,"ṛ-stem(f) 0, nom-A 114, -ar/-R 134",stem-f:   |  nom-A: akalkatA akAmatA akiMcanatA  |  -ar/R: aKKalIkar agnihotar aNgIkar,,,
PWG,7,"vas/yas suffixes (perfect ppl. -vas, comparative -yas)",How are -vas (perfect participle) and -yas (comparative) stems cited / spelled?,see Patel 2016 — assign from -vas / -yas examples,"-vas 14, -yas 9",-vas: ajavas apratiDfzwaSavas aBizwiSavas ayavas  ||  -yas: ajApayas advayas aBivayas ayas,,,
GRA,1,Anusvāra before consonants,"When a nasal precedes a stop inside a word, is it written as anusvāra (SLP1 M: aMka, saMskAra) or as the homorganic nasal (aNka, saMskAra→saNskAra)?",anusvara | homorganic | mixed,anusvāra-share=0.102 (M+stop 74 vs homorganic 653),M: aBayaMkara araMkft araMkfti araMgama  ||  homorg: agniminDa aNka aNkas aNkasa,,,
GRA,3,Words ending with -at (śatṛ / vatup-matup),"How are present participles in -at and possessives in -vat/-mat cited (bare -at stem, or with further marking)? Patel: 5 options across 3+2 sub-conventions.",see Patel 2016 — assign from -at / -vat / -mat examples,"-at 90, -vat 274, -mat 78",-at: akrIqat akzipat akziyat  |  -vat: akzaRvat agnivat aNgirasvat  |  -mat: aMSumat aYjimat abdimat,,,
GRA,5,Anusvāra of verbs,Are nasal verbal roots cited with anusvāra (aMS) or the dental/labial nasal (aMs)?,anusvara | nasal-letter | n.a. (no verb roots),"short nasal roots 558 (M-form 4+, n/m-form 4+)",M-root: aMSa aMSu aMsa aMh  ||  n/m-root: agni ajma an ana,,,
GRA,6,ṛkārānta words (ṛ-final agent nouns),"How is an ṛ-stem agent noun (kartṛ) cited — bare stem (SLP1 kartf), nominative (kartA), or with -ar/-ṛ (kartar/kartR)?",stem-f | nominative-A | ar/R,"ṛ-stem(f) 211, nom-A 37, -ar/-R 64",stem-f: aKKalIkf agnihotf adrimAtf  |  nom-A: aktA agotA abrahmatA  |  -ar/R: aTar antar apunar,,,
GRA,7,"vas/yas suffixes (perfect ppl. -vas, comparative -yas)",How are -vas (perfect participle) and -yas (comparative) stems cited / spelled?,see Patel 2016 — assign from -vas / -yas examples,"-vas 83, -yas 81",-vas: acikitvas ajaGanvas ajavas adASvas  ||  -yas: atavyas advayas anugAyas aBivayas,,,
PW,1,Anusvāra before consonants,"When a nasal precedes a stop inside a word, is it written as anusvāra (SLP1 M: aMka, saMskAra) or as the homorganic nasal (aNka, saMskAra→saNskAra)?",anusvara | homorganic | mixed,anusvāra-share=0.083 (M+stop 186 vs homorganic 2057),M: akiMcana akiMcanatA akiMcanatva akiMcitkara  ||  homorg: aMSukAnta aMSumant aMhriskanDa akaRwaka,,,
PW,3,Words ending with -at (śatṛ / vatup-matup),"How are present participles in -at and possessives in -vat/-mat cited (bare -at stem, or with further marking)? Patel: 5 options across 3+2 sub-conventions.",see Patel 2016 — assign from -at / -vat / -mat examples,"-at 11, -vat 14, -mat 0",-at: akzipat ajAgrat ajigamizat  |  -vat: agnivat aNgirasvat aNgirovat  |  -mat: ,,,
PW,5,Anusvāra of verbs,Are nasal verbal roots cited with anusvāra (aMS) or the dental/labial nasal (aMs)?,anusvara | nasal-letter | n.a. (no verb roots),"short nasal roots 77 (M-form 4+, n/m-form 4+)",M-root: aMSa aMSI aMSu aMsa  ||  n/m-root: an akna agan agni,,,
PW,6,ṛkārānta words (ṛ-final agent nouns),"How is an ṛ-stem agent noun (kartṛ) cited — bare stem (SLP1 kartf), nominative (kartA), or with -ar/-ṛ (kartar/kartR)?",stem-f | nominative-A | ar/R,"ṛ-stem(f) 1, nom-A 151, -ar/-R 122",stem-f: aBiBartf  |  nom-A: aMSitA akalkatA akAmatA  |  -ar/R: akartar agAtar agnihotar,,,
PW,7,"vas/yas suffixes (perfect ppl. -vas, comparative -yas)",How are -vas (perfect participle) and -yas (comparative) stems cited / spelled?,see Patel 2016 — assign from -vas / -yas examples,"-vas 9, -yas 12",-vas: ajavas antarvidvas aparaSvas apratiDfzwaSavas  ||  -yas: ajApayas adByas advayas aDikavayas,,,
CCS,1,Anusvāra before consonants,"When a nasal precedes a stop inside a word, is it written as anusvāra (SLP1 M: aMka, saMskAra) or as the homorganic nasal (aNka, saMskAra→saNskAra)?",anusvara | homorganic | mixed,anusvāra-share=0.084 (M+stop 136 vs homorganic 1478),M: akiMcana akftasaMkalpa agrasaMDyA atisaMkrudDa  ||  homorg: aMSumant akaRwaka akampita akARqa,,,
CCS,3,Words ending with -at (śatṛ / vatup-matup),"How are present participles in -at and possessives in -vat/-mat cited (bare -at stem, or with further marking)? Patel: 5 options across 3+2 sub-conventions.",see Patel 2016 — assign from -at / -vat / -mat examples,"-at 29, -vat 9, -mat 2",-at: akzipat at adadat  |  -vat: Atmavat Adityavat Avat  |  -mat: gavIDumat camat,,,
CCS,5,Anusvāra of verbs,Are nasal verbal roots cited with anusvāra (aMS) or the dental/labial nasal (aMs)?,anusvara | nasal-letter | n.a. (no verb roots),"short nasal roots 298 (M-form 4+, n/m-form 4+)",M-root: aMSa aMSu aMsa taMs  ||  n/m-root: agan agni ajma an,,,
CCS,6,ṛkārānta words (ṛ-final agent nouns),"How is an ṛ-stem agent noun (kartṛ) cited — bare stem (SLP1 kartf), nominative (kartA), or with -ar/-ṛ (kartar/kartR)?",stem-f | nominative-A | ar/R,"ṛ-stem(f) 6, nom-A 146, -ar/-R 173",stem-f: f kf gf  |  nom-A: acintA ajYatA atidIrGakopanatA  |  -ar/R: akartar aGaviGAtakartar aNgIkar,,,
CCS,7,"vas/yas suffixes (perfect ppl. -vas, comparative -yas)",How are -vas (perfect participle) and -yas (comparative) stems cited / spelled?,see Patel 2016 — assign from -vas / -yas examples,"-vas 18, -yas 8",-vas: aBizwiSavas avas Avidvas uccEHSravas  ||  -yas: adByas ayas kfzRAyas jyezWavayas,,,
SCH,1,Anusvāra before consonants,"When a nasal precedes a stop inside a word, is it written as anusvāra (SLP1 M: aMka, saMskAra) or as the homorganic nasal (aNka, saMskAra→saNskAra)?",anusvara | homorganic | mixed,anusvāra-share=0.116 (M+stop 263 vs homorganic 2002),M: aMSumadBedasaMgraha akAmasaMjYapana akiMcanIkfta akiMcijjYa  ||  homorg: aMholiNga akaRWa akaRqita akampa,,,
SCH,3,Words ending with -at (śatṛ / vatup-matup),"How are present participles in -at and possessives in -vat/-mat cited (bare -at stem, or with further marking)? Patel: 5 options across 3+2 sub-conventions.",see Patel 2016 — assign from -at / -vat / -mat examples,"-at 9, -vat 3, -mat 0",-at: akuzWipfzat ajagat at  |  -vat: aRqavat antarvAvat kzIrasarasvat  |  -mat: ,,,
SCH,5,Anusvāra of verbs,Are nasal verbal roots cited with anusvāra (aMS) or the dental/labial nasal (aMs)?,anusvara | nasal-letter | n.a. (no verb roots),"short nasal roots 50 (M-form 2+, n/m-form 4+)",M-root: aMSa aMSu  ||  n/m-root: agni anta andU anDa,,,
SCH,6,ṛkārānta words (ṛ-final agent nouns),"How is an ṛ-stem agent noun (kartṛ) cited — bare stem (SLP1 kartf), nominative (kartA), or with -ar/-ṛ (kartar/kartR)?",stem-f | nominative-A | ar/R,"ṛ-stem(f) 16, nom-A 230, -ar/-R 90",stem-f: awIkf aDarIkf aDyAyitf  |  nom-A: akarmaRyatA akopitA akrUratA  |  -ar/R: akartar akzadevitar agradAtar,,,
SCH,7,"vas/yas suffixes (perfect ppl. -vas, comparative -yas)",How are -vas (perfect participle) and -yas (comparative) stems cited / spelled?,see Patel 2016 — assign from -vas / -yas examples,"-vas 3, -yas 10",-vas: aparimitakftvas ayavas Asahasrakftvas  ||  -yas: acaramavayas acCinnapayas atipawIyas anugAyas,,,
BOP,1,Anusvāra before consonants,"When a nasal precedes a stop inside a word, is it written as anusvāra (SLP1 M: aMka, saMskAra) or as the homorganic nasal (aNka, saMskAra→saNskAra)?",anusvara | homorganic | mixed,anusvāra-share=0.0 (M+stop 0 vs homorganic 1057),M:   ||  homorg: akaRwaka akzAnti aKaRqa aNk,,,
BOP,3,Words ending with -at (śatṛ / vatup-matup),"How are present participles in -at and possessives in -vat/-mat cited (bare -at stem, or with further marking)? Patel: 5 options across 3+2 sub-conventions.",see Patel 2016 — assign from -at / -vat / -mat examples,"-at 39, -vat 77, -mat 27",-at: at adfSyat iyat  |  -vat: anAtmavat anurAgavat antavat  |  -mat: aMSumat agnimat arcizmat,,,
BOP,5,Anusvāra of verbs,Are nasal verbal roots cited with anusvāra (aMS) or the dental/labial nasal (aMs)?,anusvara | nasal-letter | n.a. (no verb roots),"short nasal roots 654 (M-form 4+, n/m-form 4+)",M-root: aMS aMSa aMSu aMs  ||  n/m-root: agni an ana anas,,,
BOP,6,ṛkārānta words (ṛ-final agent nouns),"How is an ṛ-stem agent noun (kartṛ) cited — bare stem (SLP1 kartf), nominative (kartA), or with -ar/-ṛ (kartar/kartR)?",stem-f | nominative-A | ar/R,"ṛ-stem(f) 106, nom-A 63, -ar/-R 15",stem-f: aNgIkf anumantf anuSAsitf  |  nom-A: attA anutsukatA apakAratA  |  -ar/R: antar ahar kmar,,,
BOP,7,"vas/yas suffixes (perfect ppl. -vas, comparative -yas)",How are -vas (perfect participle) and -yas (comparative) stems cited / spelled?,see Patel 2016 — assign from -vas / -yas examples,"-vas 14, -yas 26",-vas: Iyivas uccEHSravas upajagmivas upeyivas  ||  -yas: aRIyas aprAptavayas ayas alpIyas,,,
VCP,1,Anusvāra before consonants,"When a nasal precedes a stop inside a word, is it written as anusvāra (SLP1 M: aMka, saMskAra) or as the homorganic nasal (aNka, saMskAra→saNskAra)?",anusvara | homorganic | mixed,anusvāra-share=0.013 (M+stop 24 vs homorganic 1845),M: aNgulisaMjYA atyAhiMta anahaMkfta antaHsaMjYa  ||  homorg: aMhriskanDa akampita akARqa akiYcana,,,
VCP,3,Words ending with -at (śatṛ / vatup-matup),"How are present participles in -at and possessives in -vat/-mat cited (bare -at stem, or with further marking)? Patel: 5 options across 3+2 sub-conventions.",see Patel 2016 — assign from -at / -vat / -mat examples,"-at 31, -vat 60, -mat 23",-at: at aDvagat anantatIrTaklat  |  -vat: akzaRvat agnicitvat agnivat  |  -mat: aMSumat agnimat anAdimat,,,
VCP,5,Anusvāra of verbs,Are nasal verbal roots cited with anusvāra (aMS) or the dental/labial nasal (aMs)?,anusvara | nasal-letter | n.a. (no verb roots),"short nasal roots 131 (M-form 4+, n/m-form 4+)",M-root: aMSa aMSu aMsa aMha  ||  n/m-root: agni anka ancu atna,,,
VCP,6,ṛkārānta words (ṛ-final agent nouns),"How is an ṛ-stem agent noun (kartṛ) cited — bare stem (SLP1 kartf), nominative (kartA), or with -ar/-ṛ (kartar/kartR)?",stem-f | nominative-A | ar/R,"ṛ-stem(f) 96, nom-A 61, -ar/-R 6",stem-f: akarttf agnidAtf acalaBrAtf  |  nom-A: akiYcanatA akrAntA agastyagItA  |  -ar/R: antar apunar aBiprAtar,,,
VCP,7,"vas/yas suffixes (perfect ppl. -vas, comparative -yas)",How are -vas (perfect participle) and -yas (comparative) stems cited / spelled?,see Patel 2016 — assign from -vas / -yas examples,"-vas 13, -yas 15",-vas: ajavas anASvas ayavas ararivas  ||  -yas: aRIyas ativayas advayas aBivayas,,,
SKD,1,Anusvāra before consonants,"When a nasal precedes a stop inside a word, is it written as anusvāra (SLP1 M: aMka, saMskAra) or as the homorganic nasal (aNka, saMskAra→saNskAra)?",anusvara | homorganic | mixed,anusvāra-share=0.007 (M+stop 15 vs homorganic 2176),M: apAMpatiH apAMpittaM asaMKyaH asaMKyAtaM  ||  homorg: aMhriskanDaH akampitaH akiYcanaH akiYcanatA,,,
SKD,3,Words ending with -at (śatṛ / vatup-matup),"How are present participles in -at and possessives in -vat/-mat cited (bare -at stem, or with further marking)? Patel: 5 options across 3+2 sub-conventions.",see Patel 2016 — assign from -at / -vat / -mat examples,"-at 9, -vat 3, -mat 2",-at: anyat asat Apat  |  -vat: etAvat kurvvat kzetravat  |  -mat: avIcimat gaBastimat,,,
SKD,5,Anusvāra of verbs,Are nasal verbal roots cited with anusvāra (aMS) or the dental/labial nasal (aMs)?,anusvara | nasal-letter | n.a. (no verb roots),"short nasal roots 112 (M-form 4+, n/m-form 4+)",M-root: aMSa aMSI aMsa akaM  ||  n/m-root: ana anaH anu ano,,,
SKD,6,ṛkārānta words (ṛ-final agent nouns),"How is an ṛ-stem agent noun (kartṛ) cited — bare stem (SLP1 kartf), nominative (kartA), or with -ar/-ṛ (kartar/kartR)?",stem-f | nominative-A | ar/R,"ṛ-stem(f) 13, nom-A 122, -ar/-R 1",stem-f: f kf gf  |  nom-A: akarttA akiYcanatA akrAntA  |  -ar/R: antar,,,
SKD,7,"vas/yas suffixes (perfect ppl. -vas, comparative -yas)",How are -vas (perfect participle) and -yas (comparative) stems cited / spelled?,see Patel 2016 — assign from -vas / -yas examples,"-vas 1, -yas 0",-vas: avas  ||  -yas: ,,,
INM,1,Anusvāra before consonants,"When a nasal precedes a stop inside a word, is it written as anusvāra (SLP1 M: aMka, saMskAra) or as the homorganic nasal (aNka, saMskAra→saNskAra)?",anusvara | homorganic | mixed,anusvāra-share=0.028 (M+stop 59 vs homorganic 2076),M: ahaMkAra apakzakzayaMkara apAMgarBa apAMpati  ||  homorg: aBagnaparisaNKyAna aBizyanta acalendra AcAryanandana,,,
INM,3,Words ending with -at (śatṛ / vatup-matup),"How are present participles in -at and possessives in -vat/-mat cited (bare -at stem, or with further marking)? Patel: 5 options across 3+2 sub-conventions.",see Patel 2016 — assign from -at / -vat / -mat examples,"-at 14, -vat 50, -mat 61",-at: asat bfhat jagat  |  -vat: Atmavat balavat Bagavat  |  -mat: agnimat aMSumat amUrtimat,,,
INM,5,Anusvāra of verbs,Are nasal verbal roots cited with anusvāra (aMS) or the dental/labial nasal (aMs)?,anusvara | nasal-letter | n.a. (no verb roots),"short nasal roots 193 (M-form 4+, n/m-form 4+)",M-root: aMSa aMSu kiM puMs  ||  n/m-root: aSma agni Ena ambA,,,
INM,6,ṛkārānta words (ṛ-final agent nouns),"How is an ṛ-stem agent noun (kartṛ) cited — bare stem (SLP1 kartf), nominative (kartA), or with -ar/-ṛ (kartar/kartR)?",stem-f | nominative-A | ar/R,"ṛ-stem(f) 132, nom-A 68, -ar/-R 4",stem-f: akartf ambikABartf annaBoktf  |  nom-A: amftA anantA anugItA  |  -ar/R: ahar svar,,,
INM,7,"vas/yas suffixes (perfect ppl. -vas, comparative -yas)",How are -vas (perfect participle) and -yas (comparative) stems cited / spelled?,see Patel 2016 — assign from -vas / -yas examples,"-vas 30, -yas 2",-vas: BUriSravas Buvas cAruSravas SaNKakumBaSravas  ||  -yas: amUrtarayas Sreyas,,,
VEI,1,Anusvāra before consonants,"When a nasal precedes a stop inside a word, is it written as anusvāra (SLP1 M: aMka, saMskAra) or as the homorganic nasal (aNka, saMskAra→saNskAra)?",anusvara | homorganic | mixed,anusvāra-share=0.072 (M+stop 35 vs homorganic 450),M: atyarAtijAnaMtapi ariMdamasanaSruta ASuMga fRaMcaya  ||  homorg: aNka aNga aNgavErocana aNgArAvakzayaRa,,,
VEI,3,Words ending with -at (śatṛ / vatup-matup),"How are present participles in -at and possessives in -vat/-mat cited (bare -at stem, or with further marking)? Patel: 5 options across 3+2 sub-conventions.",see Patel 2016 — assign from -at / -vat / -mat examples,"-at 2, -vat 2, -mat 0",-at: jagat vehat  |  -vat: nivat pravat  |  -mat: ,,,
VEI,5,Anusvāra of verbs,Are nasal verbal roots cited with anusvāra (aMS) or the dental/labial nasal (aMs)?,anusvara | nasal-letter | n.a. (no verb roots),"short nasal roots 112 (M-form 1+, n/m-form 4+)",M-root: aMSu  ||  n/m-root: anas anAs anu ahan,,,
VEI,6,ṛkārānta words (ṛ-final agent nouns),"How is an ṛ-stem agent noun (kartṛ) cited — bare stem (SLP1 kartf), nominative (kartA), or with -ar/-ṛ (kartar/kartR)?",stem-f | nominative-A | ar/R,"ṛ-stem(f) 50, nom-A 15, -ar/-R 3",stem-f: anukzattf astf AsTAtf  |  nom-A: ajyeyatA avaDyatA AtA  |  -ar/R: prAtar vaDar svar,,,
VEI,7,"vas/yas suffixes (perfect ppl. -vas, comparative -yas)",How are -vas (perfect participle) and -yas (comparative) stems cited / spelled?,see Patel 2016 — assign from -vas / -yas examples,"-vas 14, -yas 7",-vas: upamaSravas turaSravas dIrGaSravas devaSravas  ||  -yas: apAcyas ayas udIcyas payas,,,
PUI,1,Anusvāra before consonants,"When a nasal precedes a stop inside a word, is it written as anusvāra (SLP1 M: aMka, saMskAra) or as the homorganic nasal (aNka, saMskAra→saNskAra)?",anusvara | homorganic | mixed,anusvāra-share=0.087 (M+stop 169 vs homorganic 1783),M: aMkuSA aMkuSeSvaram aMkola aMcoladvicarAH  ||  homorg: akampana akArAdikzakArAntavarRamUrti agastyakuRqam agnikuRqa,,,
PUI,3,Words ending with -at (śatṛ / vatup-matup),"How are present participles in -at and possessives in -vat/-mat cited (bare -at stem, or with further marking)? Patel: 5 options across 3+2 sub-conventions.",see Patel 2016 — assign from -at / -vat / -mat examples,"-at 9, -vat 14, -mat 52",-at: arhat jagat pratipat  |  -vat: Atmavat irAvat fRavat  |  -mat: agnimat aMSumat avIcimat,,,
PUI,5,Anusvāra of verbs,Are nasal verbal roots cited with anusvāra (aMS) or the dental/labial nasal (aMs)?,anusvara | nasal-letter | n.a. (no verb roots),"short nasal roots 454 (M-form 4+, n/m-form 4+)",M-root: aMbA aMBa aMSa aMSu  ||  n/m-root: agni adma anu anta,,,
PUI,6,ṛkārānta words (ṛ-final agent nouns),"How is an ṛ-stem agent noun (kartṛ) cited — bare stem (SLP1 kartf), nominative (kartA), or with -ar/-ṛ (kartar/kartR)?",stem-f | nominative-A | ar/R,"ṛ-stem(f) 10, nom-A 99, -ar/-R 0",stem-f: unnetf DAtf pitf  |  nom-A: agnimAtA ajitA anantA  |  -ar/R: ,,,
PUI,7,"vas/yas suffixes (perfect ppl. -vas, comparative -yas)",How are -vas (perfect participle) and -yas (comparative) stems cited / spelled?,see Patel 2016 — assign from -vas / -yas examples,"-vas 10, -yas 0",-vas: ugraSravas uruSravas devaSravas purUravas  ||  -yas: ,,,
BHS,1,Anusvāra before consonants,"When a nasal precedes a stop inside a word, is it written as anusvāra (SLP1 M: aMka, saMskAra) or as the homorganic nasal (aNka, saMskAra→saNskAra)?",anusvara | homorganic | mixed,anusvāra-share=0.123 (M+stop 264 vs homorganic 1886),M: acirayAnasaMprasTita ajitaMjaya awavIsaMBavA aDyASayasaMcodanasUtra  ||  homorg: akaRwaka akampitasAgara akampiya akampya,,,
BHS,3,Words ending with -at (śatṛ / vatup-matup),"How are present participles in -at and possessives in -vat/-mat cited (bare -at stem, or with further marking)? Patel: 5 options across 3+2 sub-conventions.",see Patel 2016 — assign from -at / -vat / -mat examples,"-at 3, -vat 3, -mat 0",-at: kiyat treviMSat mahat  |  -vat: azwavat uktamuzwivat ettAvat  |  -mat: ,,,
BHS,5,Anusvāra of verbs,Are nasal verbal roots cited with anusvāra (aMS) or the dental/labial nasal (aMs)?,anusvara | nasal-letter | n.a. (no verb roots),"short nasal roots 106 (M-form 4+, n/m-form 4+)",M-root: aMSa aMSu eyaM naM  ||  n/m-root: agni atma ana anu,,,
BHS,6,ṛkārānta words (ṛ-final agent nouns),"How is an ṛ-stem agent noun (kartṛ) cited — bare stem (SLP1 kartf), nominative (kartA), or with -ar/-ṛ (kartar/kartR)?",stem-f | nominative-A | ar/R,"ṛ-stem(f) 5, nom-A 207, -ar/-R 37",stem-f: tAdf duhatf DAtf  |  nom-A: akilAsitA akruDyanatA acirasTitikatA  |  -ar/R: anuDvaMsayitar anuBoktar aparamAtar,,,
BHS,7,"vas/yas suffixes (perfect ppl. -vas, comparative -yas)",How are -vas (perfect participle) and -yas (comparative) stems cited / spelled?,see Patel 2016 — assign from -vas / -yas examples,"-vas 1, -yas 0",-vas: trizkftvas  ||  -yas: ,,,
FRI,1,Anusvāra before consonants,"When a nasal precedes a stop inside a word, is it written as anusvāra (SLP1 M: aMka, saMskAra) or as the homorganic nasal (aNka, saMskAra→saNskAra)?",anusvara | homorganic | mixed,anusvāra-share=0.235 (M+stop 231 vs homorganic 751),M: aMk atisaMtuzwa adAMta anaMg  ||  homorg: aMSumant akampa akuRWita akurvant,,,
FRI,3,Words ending with -at (śatṛ / vatup-matup),"How are present participles in -at and possessives in -vat/-mat cited (bare -at stem, or with further marking)? Patel: 5 options across 3+2 sub-conventions.",see Patel 2016 — assign from -at / -vat / -mat examples,"-at 27, -vat 21, -mat 0",-at: Izat jagat jAgrat  |  -vat: aBItavat udvat tadvat  |  -mat: ,,,
FRI,5,Anusvāra of verbs,Are nasal verbal roots cited with anusvāra (aMS) or the dental/labial nasal (aMs)?,anusvara | nasal-letter | n.a. (no verb roots),"short nasal roots 428 (M-form 4+, n/m-form 4+)",M-root: aMk aMSa aMsa AMg  ||  n/m-root: amSu agni an prAn,,,
FRI,6,ṛkārānta words (ṛ-final agent nouns),"How is an ṛ-stem agent noun (kartṛ) cited — bare stem (SLP1 kartf), nominative (kartA), or with -ar/-ṛ (kartar/kartR)?",stem-f | nominative-A | ar/R,"ṛ-stem(f) 9, nom-A 61, -ar/-R 176",stem-f: f kf gf  |  nom-A: ajYAnatA aDArmikatA anapatyatA  |  -ar/R: aNgIkar attar adAtar,,,
FRI,7,"vas/yas suffixes (perfect ppl. -vas, comparative -yas)",How are -vas (perfect participle) and -yas (comparative) stems cited / spelled?,see Patel 2016 — assign from -vas / -yas examples,"-vas 26, -yas 20",-vas: avas citraSravas tavas pIvas  ||  -yas: ayas aByas paryas nyas,,,
ACC,1,Anusvāra before consonants,"When a nasal precedes a stop inside a word, is it written as anusvāra (SLP1 M: aMka, saMskAra) or as the homorganic nasal (aNka, saMskAra→saNskAra)?",anusvara | homorganic | mixed,anusvāra-share=0.105 (M+stop 390 vs homorganic 3314),M: aMSumadBedasaMgraha agastyasaMpAta agnizwomIyasaMpradAyapadDati agnisaMDAnaprayoga  ||  homorg: akArAdiniGaRwu akulAgamatantra akzayASAnti akzaragumPa,,,
ACC,3,Words ending with -at (śatṛ / vatup-matup),"How are present participles in -at and possessives in -vat/-mat cited (bare -at stem, or with further marking)? Patel: 5 options across 3+2 sub-conventions.",see Patel 2016 — assign from -at / -vat / -mat examples,"-at 6, -vat 0, -mat 0",-at: AcAryapaYcASat AryApaYcASat kastUritilakapaYcASat  |  -vat:   |  -mat: ,,,
ACC,5,Anusvāra of verbs,Are nasal verbal roots cited with anusvāra (aMS) or the dental/labial nasal (aMs)?,anusvara | nasal-letter | n.a. (no verb roots),"short nasal roots 13 (M-form 0+, n/m-form 4+)",M-root:   ||  n/m-root: indu gAnI jona maRi,,,
ACC,6,ṛkārānta words (ṛ-final agent nouns),"How is an ṛ-stem agent noun (kartṛ) cited — bare stem (SLP1 kartf), nominative (kartA), or with -ar/-ṛ (kartar/kartR)?",stem-f | nominative-A | ar/R,"ṛ-stem(f) 1, nom-A 130, -ar/-R 0",stem-f: avantiBartf  |  nom-A: agastyagItA agastyasaMhitA agastisaMhitA  |  -ar/R: ,,,
ACC,7,"vas/yas suffixes (perfect ppl. -vas, comparative -yas)",How are -vas (perfect participle) and -yas (comparative) stems cited / spelled?,see Patel 2016 — assign from -vas / -yas examples,"-vas 0, -yas 0",-vas:   ||  -yas: ,,,
KRM,1,Anusvāra before consonants,"When a nasal precedes a stop inside a word, is it written as anusvāra (SLP1 M: aMka, saMskAra) or as the homorganic nasal (aNka, saMskAra→saNskAra)?",anusvara | homorganic | mixed,anusvāra-share=0.0 (M+stop 0 vs homorganic 32),M:   ||  homorg: aNka aNga anDa inDI,,,
KRM,3,Words ending with -at (śatṛ / vatup-matup),"How are present participles in -at and possessives in -vat/-mat cited (bare -at stem, or with further marking)? Patel: 5 options across 3+2 sub-conventions.",see Patel 2016 — assign from -at / -vat / -mat examples,"-at 0, -vat 0, -mat 0",-at:   |  -vat:   |  -mat: ,,,
KRM,5,Anusvāra of verbs,Are nasal verbal roots cited with anusvāra (aMS) or the dental/labial nasal (aMs)?,anusvara | nasal-letter | n.a. (no verb roots),"short nasal roots 218 (M-form 1+, n/m-form 4+)",M-root: aMsa  ||  n/m-root: ana ancu anjU anDa,,,
KRM,6,ṛkārānta words (ṛ-final agent nouns),"How is an ṛ-stem agent noun (kartṛ) cited — bare stem (SLP1 kartf), nominative (kartA), or with -ar/-ṛ (kartar/kartR)?",stem-f | nominative-A | ar/R,"ṛ-stem(f) 186, nom-A 1, -ar/-R 0",stem-f: f ejf ezf  |  nom-A: SvitA  |  -ar/R: ,,,
KRM,7,"vas/yas suffixes (perfect ppl. -vas, comparative -yas)",How are -vas (perfect participle) and -yas (comparative) stems cited / spelled?,see Patel 2016 — assign from -vas / -yas examples,"-vas 0, -yas 0",-vas:   ||  -yas: ,,,
MCI,1,Anusvāra before consonants,"When a nasal precedes a stop inside a word, is it written as anusvāra (SLP1 M: aMka, saMskAra) or as the homorganic nasal (aNka, saMskAra→saNskAra)?",anusvara | homorganic | mixed,anusvāra-share=0.066 (M+stop 34 vs homorganic 478),M: DanaMjaya saMpAti saMpratipattijYa saMpratipattimant  ||  homorg: aNgada aYjana atizaRqa ananta,,,
MCI,3,Words ending with -at (śatṛ / vatup-matup),"How are present participles in -at and possessives in -vat/-mat cited (bare -at stem, or with further marking)? Patel: 5 options across 3+2 sub-conventions.",see Patel 2016 — assign from -at / -vat / -mat examples,"-at 1, -vat 1, -mat 0",-at: Bavizyat  |  -vat: SAkalAvat  |  -mat: ,,,
MCI,5,Anusvāra of verbs,Are nasal verbal roots cited with anusvāra (aMS) or the dental/labial nasal (aMs)?,anusvara | nasal-letter | n.a. (no verb roots),"short nasal roots 46 (M-form 1+, n/m-form 4+)",M-root: apAM  ||  n/m-root: anDa nala nIla maRi,,,
MCI,6,ṛkārānta words (ṛ-final agent nouns),"How is an ṛ-stem agent noun (kartṛ) cited — bare stem (SLP1 kartf), nominative (kartA), or with -ar/-ṛ (kartar/kartR)?",stem-f | nominative-A | ar/R,"ṛ-stem(f) 2, nom-A 16, -ar/-R 0",stem-f: kOravyaduhitf piRqaBettf  |  nom-A: jaritA lapitA vinatA  |  -ar/R: ,,,
MCI,7,"vas/yas suffixes (perfect ppl. -vas, comparative -yas)",How are -vas (perfect participle) and -yas (comparative) stems cited / spelled?,see Patel 2016 — assign from -vas / -yas examples,"-vas 2, -yas 0",-vas: uccEHSravas pfTuSravas  ||  -yas: ,,,
KNA,1,Anusvāra before consonants,"When a nasal precedes a stop inside a word, is it written as anusvāra (SLP1 M: aMka, saMskAra) or as the homorganic nasal (aNka, saMskAra→saNskAra)?",anusvara | homorganic | mixed,NO LOCAL SOURCE — annotate from Cologne scans/print,,,,
KNA,3,Words ending with -at (śatṛ / vatup-matup),"How are present participles in -at and possessives in -vat/-mat cited (bare -at stem, or with further marking)? Patel: 5 options across 3+2 sub-conventions.",see Patel 2016 — assign from -at / -vat / -mat examples,NO LOCAL SOURCE — annotate from Cologne scans/print,,,,
KNA,5,Anusvāra of verbs,Are nasal verbal roots cited with anusvāra (aMS) or the dental/labial nasal (aMs)?,anusvara | nasal-letter | n.a. (no verb roots),NO LOCAL SOURCE — annotate from Cologne scans/print,,,,
KNA,6,ṛkārānta words (ṛ-final agent nouns),"How is an ṛ-stem agent noun (kartṛ) cited — bare stem (SLP1 kartf), nominative (kartA), or with -ar/-ṛ (kartar/kartR)?",stem-f | nominative-A | ar/R,NO LOCAL SOURCE — annotate from Cologne scans/print,,,,
KNA,7,"vas/yas suffixes (perfect ppl. -vas, comparative -yas)",How are -vas (perfect participle) and -yas (comparative) stems cited / spelled?,see Patel 2016 — assign from -vas / -yas examples,NO LOCAL SOURCE — annotate from Cologne scans/print,,,,
KOW,1,Anusvāra before consonants,"When a nasal precedes a stop inside a word, is it written as anusvāra (SLP1 M: aMka, saMskAra) or as the homorganic nasal (aNka, saMskAra→saNskAra)?",anusvara | homorganic | mixed,NO LOCAL SOURCE — annotate from Cologne scans/print,,,,
KOW,3,Words ending with -at (śatṛ / vatup-matup),"How are present participles in -at and possessives in -vat/-mat cited (bare -at stem, or with further marking)? Patel: 5 options across 3+2 sub-conventions.",see Patel 2016 — assign from -at / -vat / -mat examples,NO LOCAL SOURCE — annotate from Cologne scans/print,,,,
KOW,5,Anusvāra of verbs,Are nasal verbal roots cited with anusvāra (aMS) or the dental/labial nasal (aMs)?,anusvara | nasal-letter | n.a. (no verb roots),NO LOCAL SOURCE — annotate from Cologne scans/print,,,,
KOW,6,ṛkārānta words (ṛ-final agent nouns),"How is an ṛ-stem agent noun (kartṛ) cited — bare stem (SLP1 kartf), nominative (kartA), or with -ar/-ṛ (kartar/kartR)?",stem-f | nominative-A | ar/R,NO LOCAL SOURCE — annotate from Cologne scans/print,,,,
KOW,7,"vas/yas suffixes (perfect ppl. -vas, comparative -yas)",How are -vas (perfect participle) and -yas (comparative) stems cited / spelled?,see Patel 2016 — assign from -vas / -yas examples,NO LOCAL SOURCE — annotate from Cologne scans/print,,,,
AMAR,1,Anusvāra before consonants,"When a nasal precedes a stop inside a word, is it written as anusvāra (SLP1 M: aMka, saMskAra) or as the homorganic nasal (aNka, saMskAra→saNskAra)?",anusvara | homorganic | mixed,NO LOCAL SOURCE — annotate from Cologne scans/print,,,,
AMAR,3,Words ending with -at (śatṛ / vatup-matup),"How are present participles in -at and possessives in -vat/-mat cited (bare -at stem, or with further marking)? Patel: 5 options across 3+2 sub-conventions.",see Patel 2016 — assign from -at / -vat / -mat examples,NO LOCAL SOURCE — annotate from Cologne scans/print,,,,
AMAR,5,Anusvāra of verbs,Are nasal verbal roots cited with anusvāra (aMS) or the dental/labial nasal (aMs)?,anusvara | nasal-letter | n.a. (no verb roots),NO LOCAL SOURCE — annotate from Cologne scans/print,,,,
AMAR,6,ṛkārānta words (ṛ-final agent nouns),"How is an ṛ-stem agent noun (kartṛ) cited — bare stem (SLP1 kartf), nominative (kartA), or with -ar/-ṛ (kartar/kartR)?",stem-f | nominative-A | ar/R,NO LOCAL SOURCE — annotate from Cologne scans/print,,,,
AMAR,7,"vas/yas suffixes (perfect ppl. -vas, comparative -yas)",How are -vas (perfect participle) and -yas (comparative) stems cited / spelled?,see Patel 2016 — assign from -vas / -yas examples,NO LOCAL SOURCE — annotate from Cologne scans/print,,,,
